StarID,ProperName,X,Y,Z
50,Leilani,35.55067,0.08864,-47.34518
51,Dejuan,2438.59447,6.10292,45.38433
52,Vernon,56.86273,0.14555,-246.69596
53,Doshia,8723789.707,22441.50475,-4888250.149
54,Randell,45.36101,0.12006,14.71157
55,Charity,26.99964,0.07437,-62.64186
56,Glenna,288.18109,0.81899,1.12132
57,Christina,10.24875,0.0301,-27.67017
58,Christine,17.91077,0.05431,33.93651
59,Mertie,5631995.263,17147.68967,8263191.594